Acetic Acid	Ammonia	0.5	Ammonium Acetate	none	none
Acetic Acid	Sodium Hydroxide	0.5	Water	Sodium Acetate	none
Acetic Acid	Water	0	none	none	none
Boron Trichloride	Chlorine Ion	0.5	Boron Tetrachloride	none	none
Cyanide Ion	Hydrogen Bromide	0.5	Hydrogen Cyanide	Bromide	none
Hydrochloric Acid	Ammonia	0.5	Ammonium Chloride	none	none
Hydrochloric Acid	Sodium Hydroxide	0.5	Sodium Chloride	Water	none
Hydrochloric Acid	Water	0.5	Hydronium	Chlorine Ion	none
Hydrogen Fluoride	Water	0	none	none	none
Lithium Hydroxide	Water	0	none	none	none
Methylamine	Water	0	none	none	none
Nitric Acid	Water	0	none	none	none
Sodium Hydroxide	Water	0.5	Water	Hydroxide	none