Acetic Acid	Ammonia	none	0.5	Ammonium Acetate	none	none
Acetic Acid	Sodium Hydroxide	none	0.5	Water	Sodium Acetate	none
Acetic Acid	Water	none	0	none	none	none
Boron Trichloride	Chlorine Ion	none	0.5	Boron Tetrachloride	none	none
Cyanide Ion	Hydrogen Bromide	none	0.5	Hydrogen Cyanide	Bromide	none
Hydrochloric Acid	Ammonia	none	0.5	Ammonium Chloride	none	none
Hydrochloric Acid	Sodium Hydroxide	none	0.5	Sodium Chloride	Water	none
Hydrochloric Acid	Water	none	0.5	Hydronium	Chlorine Ion	none
Hydrogen Fluoride	Water	none	0	none	none	none
Lithium Hydroxide	Water	none	0	none	none	none
Methylamine	Water	none	0	none	none	none
Nitric Acid	Water	none	0	none	none	none
Sodium Hydroxide	Water	none	0.5	Water	Hydroxide	none