Water, Nitric Acid	1	Hydronium, Nitrate
Hydronium, Fluoride	1	Water, Water
Hydroxide, Hydronium	1	Water, Hydrogen Fluoride
Hydroxide, Ammonium	1	Water, Ammonia
Hydronium, Acetic Acid	1	Water, Acetic Acid
Hydrogen Cyanide, Bromide	1	Hydrogen Bromide, Cyanide
Water, Sodium Hydroxide	1	Hydroxide, Sodium I
Water, Acetic Acid	1	Hydroxide, Acetate
Water, Ammonia	.1	Hydroxide, Ammonium
Water, Methylamine	1	Hydroxide, Methylammonium
Water, Hydrogen Fluoride	.1	Hydronium, Fluoride
Water, Hydrochloric Acid	1	Hydronium, Chloride
Hydrochloric Acid, Ammonia	1	Ammonium, Chloride
Hydrogen Bromide, Cyanide	1	Hydrogen Cyanide, Bromide